Mutation,N,Mean,Median,IQM,Std,SEM,Trim10,Trim20,Filt_±10,Filt_±15,Bottom_3,Bottom_5,Bottom_10,Q25,Q75,IQR,Min,Max,Range,N_Filt10,N_Filt15,WT_Std,WT_Range
C140T,25,-4.905,-6.343,-5.674,5.133,1.027,-5.198,-5.592,-3.680,-4.905,-11.729,-10.964,-9.572,-8.741,-2.247,6.494,-12.247,5.445,17.691,21,25,3.838,17.009
D10P,25,0.730,0.676,0.910,4.744,0.949,0.844,0.904,0.294,0.730,-8.472,-6.176,-3.374,-0.570,2.819,3.388,-9.495,11.183,20.678,24,25,2.347,10.779
G12D,25,-2.002,-1.931,-2.252,4.554,0.911,-1.837,-2.120,-1.600,-2.002,-9.293,-7.833,-6.458,-5.359,2.686,8.045,-11.635,4.926,16.561,24,25,3.327,14.923
K106A,25,-0.676,-0.590,-0.857,4.234,0.847,-0.735,-0.842,-0.676,-0.676,-7.359,-6.351,-4.598,-3.456,1.395,4.850,-8.788,7.921,16.709,25,25,3.560,15.530
K170G,25,-2.980,-2.811,-2.766,3.338,0.668,-2.808,-2.750,-2.980,-2.980,-9.256,-8.033,-6.100,-4.633,-0.438,4.196,-9.836,1.991,11.828,25,25,2.984,11.792
K29V,25,-1.143,-2.279,-1.477,4.671,0.934,-1.099,-1.329,-0.693,-1.143,-8.727,-7.022,-5.376,-3.948,2.896,6.843,-11.936,8.223,20.160,24,25,3.291,13.769
N129D,25,2.474,1.923,2.557,4.000,0.800,2.419,2.486,2.148,2.474,-3.555,-2.896,-1.562,-0.637,5.292,5.929,-5.080,10.287,15.367,24,25,2.741,9.664
S115A,25,-3.522,-3.732,-3.516,3.843,0.769,-3.450,-3.550,-3.189,-3.522,-9.593,-8.738,-7.352,-7.016,-0.928,6.088,-11.504,2.556,14.060,24,25,2.339,9.762
S75T,25,-0.880,-1.466,-0.729,5.260,1.052,-0.919,-0.736,-0.483,-0.880,-8.874,-8.196,-6.069,-3.651,3.668,7.319,-10.413,9.460,19.873,24,25,4.083,13.974
V172D,25,-2.965,-2.339,-2.852,4.813,0.963,-2.749,-2.854,-2.123,-2.965,-11.576,-9.677,-7.544,-6.209,0.265,6.473,-14.993,4.764,19.757,23,25,3.506,13.958
